prompt,answer
"[Cryptocurrency Introduction]: Cardano (ADA) is a cryptocurrency launched in 2017. Cardano has a current supply of 44,995,012,865.763293 with 35,298,485,421.751079 in circulation. The last known price of Cardano is 0.70056654 USD and is down -2.22 over the last 24 hours. It is currently trading on 1506 active market(s) with $546,400,564.98 traded over the last 24 hours. More information can be found at https://www.cardano.org.. It has a market capilization of 24852590592.

From 2023-12-31 to 2024-01-07, ADA-USD's stock price decreased from 0.59 to 0.49. News during this period are listed below:

No relative news reported.

Based on all the information before 2024-01-07, let's first analyze the positive developments and potential concerns for ADA-USD. Come up with 2-4 most important factors respectively and keep them concise. Most factors should be inferred from cryptocurrencies related news. Then let's assume your prediction for next week (2024-01-07 to 2024-01-14) is up by more than 5%. Provide a summary analysis to support your prediction. The prediction result need to be inferred from your analysis at the end, and thus not appearing as a foundational factor of your analysis.",
"[Cryptocurrency Introduction]: Cardano (ADA) is a cryptocurrency launched in 2017. Cardano has a current supply of 44,995,012,865.763293 with 35,298,485,421.751079 in circulation. The last known price of Cardano is 0.70056654 USD and is down -2.22 over the last 24 hours. It is currently trading on 1506 active market(s) with $546,400,564.98 traded over the last 24 hours. More information can be found at https://www.cardano.org.. It has a market capilization of 24852590592.

From 2023-12-31 to 2024-01-07, ADA-USD's stock price decreased from 0.59 to 0.49. News during this period are listed below:

No relative news reported.
From 2024-01-07 to 2024-01-14, ADA-USD's stock price increased from 0.49 to 0.53. News during this period are listed below:

No relative news reported.

Based on all the information before 2024-01-14, let's first analyze the positive developments and potential concerns for ADA-USD. Come up with 2-4 most important factors respectively and keep them concise. Most factors should be inferred from cryptocurrencies related news. Then let's assume your prediction for next week (2024-01-14 to 2024-01-21) is down by 4-5%. Provide a summary analysis to support your prediction. The prediction result need to be inferred from your analysis at the end, and thus not appearing as a foundational factor of your analysis.",
"[Cryptocurrency Introduction]: Cardano (ADA) is a cryptocurrency launched in 2017. Cardano has a current supply of 44,995,012,865.763293 with 35,298,485,421.751079 in circulation. The last known price of Cardano is 0.70056654 USD and is down -2.22 over the last 24 hours. It is currently trading on 1506 active market(s) with $546,400,564.98 traded over the last 24 hours. More information can be found at https://www.cardano.org.. It has a market capilization of 24852590592.

From 2024-01-07 to 2024-01-14, ADA-USD's stock price increased from 0.49 to 0.53. News during this period are listed below:

No relative news reported.
From 2024-01-14 to 2024-01-21, ADA-USD's stock price decreased from 0.53 to 0.50. News during this period are listed below:

No relative news reported.

Based on all the information before 2024-01-21, let's first analyze the positive developments and potential concerns for ADA-USD. Come up with 2-4 most important factors respectively and keep them concise. Most factors should be inferred from cryptocurrencies related news. Then let's assume your prediction for next week (2024-01-21 to 2024-01-28) is down by 2-3%. Provide a summary analysis to support your prediction. The prediction result need to be inferred from your analysis at the end, and thus not appearing as a foundational factor of your analysis.",
"[Cryptocurrency Introduction]: Cardano (ADA) is a cryptocurrency launched in 2017. Cardano has a current supply of 44,995,012,865.763293 with 35,298,485,421.751079 in circulation. The last known price of Cardano is 0.70056654 USD and is down -2.22 over the last 24 hours. It is currently trading on 1506 active market(s) with $546,400,564.98 traded over the last 24 hours. More information can be found at https://www.cardano.org.. It has a market capilization of 24852590592.

From 2023-12-31 to 2024-01-07, ADA-USD's stock price decreased from 0.59 to 0.49. News during this period are listed below:

No relative news reported.
From 2024-01-07 to 2024-01-14, ADA-USD's stock price increased from 0.49 to 0.53. News during this period are listed below:

No relative news reported.
From 2024-01-14 to 2024-01-21, ADA-USD's stock price decreased from 0.53 to 0.50. News during this period are listed below:

No relative news reported.
From 2024-01-21 to 2024-01-28, ADA-USD's stock price decreased from 0.50 to 0.49. News during this period are listed below:

No relative news reported.

Based on all the information before 2024-01-28, let's first analyze the positive developments and potential concerns for ADA-USD. Come up with 2-4 most important factors respectively and keep them concise. Most factors should be inferred from cryptocurrencies related news. Then let's assume your prediction for next week (2024-01-28 to 2024-02-04) is up by 0-1%. Provide a summary analysis to support your prediction. The prediction result need to be inferred from your analysis at the end, and thus not appearing as a foundational factor of your analysis.",
"[Cryptocurrency Introduction]: Cardano (ADA) is a cryptocurrency launched in 2017. Cardano has a current supply of 44,995,012,865.763293 with 35,298,485,421.751079 in circulation. The last known price of Cardano is 0.70056654 USD and is down -2.22 over the last 24 hours. It is currently trading on 1506 active market(s) with $546,400,564.98 traded over the last 24 hours. More information can be found at https://www.cardano.org.. It has a market capilization of 24852590592.

From 2024-01-28 to 2024-02-04, ADA-USD's stock price increased from 0.49 to 0.49. News during this period are listed below:

No relative news reported.

Based on all the information before 2024-02-04, let's first analyze the positive developments and potential concerns for ADA-USD. Come up with 2-4 most important factors respectively and keep them concise. Most factors should be inferred from cryptocurrencies related news. Then let's assume your prediction for next week (2024-02-04 to 2024-02-11) is up by more than 5%. Provide a summary analysis to support your prediction. The prediction result need to be inferred from your analysis at the end, and thus not appearing as a foundational factor of your analysis.",
"[Cryptocurrency Introduction]: Cardano (ADA) is a cryptocurrency launched in 2017. Cardano has a current supply of 44,995,012,865.763293 with 35,298,485,421.751079 in circulation. The last known price of Cardano is 0.70056654 USD and is down -2.22 over the last 24 hours. It is currently trading on 1506 active market(s) with $546,400,564.98 traded over the last 24 hours. More information can be found at https://www.cardano.org.. It has a market capilization of 24852590592.

From 2024-01-21 to 2024-01-28, ADA-USD's stock price decreased from 0.50 to 0.49. News during this period are listed below:

No relative news reported.
From 2024-01-28 to 2024-02-04, ADA-USD's stock price increased from 0.49 to 0.49. News during this period are listed below:

No relative news reported.
From 2024-02-04 to 2024-02-11, ADA-USD's stock price increased from 0.49 to 0.54. News during this period are listed below:

No relative news reported.

Based on all the information before 2024-02-11, let's first analyze the positive developments and potential concerns for ADA-USD. Come up with 2-4 most important factors respectively and keep them concise. Most factors should be inferred from cryptocurrencies related news. Then let's assume your prediction for next week (2024-02-11 to 2024-02-18) is up by more than 5%. Provide a summary analysis to support your prediction. The prediction result need to be inferred from your analysis at the end, and thus not appearing as a foundational factor of your analysis.",
"[Cryptocurrency Introduction]: Cardano (ADA) is a cryptocurrency launched in 2017. Cardano has a current supply of 44,995,012,865.763293 with 35,298,485,421.751079 in circulation. The last known price of Cardano is 0.70056654 USD and is down -2.22 over the last 24 hours. It is currently trading on 1506 active market(s) with $546,400,564.98 traded over the last 24 hours. More information can be found at https://www.cardano.org.. It has a market capilization of 24852590592.

From 2024-01-21 to 2024-01-28, ADA-USD's stock price decreased from 0.50 to 0.49. News during this period are listed below:

No relative news reported.
From 2024-01-28 to 2024-02-04, ADA-USD's stock price increased from 0.49 to 0.49. News during this period are listed below:

No relative news reported.
From 2024-02-04 to 2024-02-11, ADA-USD's stock price increased from 0.49 to 0.54. News during this period are listed below:

No relative news reported.
From 2024-02-11 to 2024-02-18, ADA-USD's stock price increased from 0.54 to 0.62. News during this period are listed below:

No relative news reported.

Based on all the information before 2024-02-18, let's first analyze the positive developments and potential concerns for ADA-USD. Come up with 2-4 most important factors respectively and keep them concise. Most factors should be inferred from cryptocurrencies related news. Then let's assume your prediction for next week (2024-02-18 to 2024-02-25) is down by 4-5%. Provide a summary analysis to support your prediction. The prediction result need to be inferred from your analysis at the end, and thus not appearing as a foundational factor of your analysis.",
"[Cryptocurrency Introduction]: Cardano (ADA) is a cryptocurrency launched in 2017. Cardano has a current supply of 44,995,012,865.763293 with 35,298,485,421.751079 in circulation. The last known price of Cardano is 0.70056654 USD and is down -2.22 over the last 24 hours. It is currently trading on 1506 active market(s) with $546,400,564.98 traded over the last 24 hours. More information can be found at https://www.cardano.org.. It has a market capilization of 24852590592.

From 2024-02-18 to 2024-02-25, ADA-USD's stock price decreased from 0.62 to 0.59. News during this period are listed below:

No relative news reported.

Based on all the information before 2024-02-25, let's first analyze the positive developments and potential concerns for ADA-USD. Come up with 2-4 most important factors respectively and keep them concise. Most factors should be inferred from cryptocurrencies related news. Then let's assume your prediction for next week (2024-02-25 to 2024-03-03) is up by more than 5%. Provide a summary analysis to support your prediction. The prediction result need to be inferred from your analysis at the end, and thus not appearing as a foundational factor of your analysis.",
"[Cryptocurrency Introduction]: Cardano (ADA) is a cryptocurrency launched in 2017. Cardano has a current supply of 44,995,012,865.763293 with 35,298,485,421.751079 in circulation. The last known price of Cardano is 0.70056654 USD and is down -2.22 over the last 24 hours. It is currently trading on 1506 active market(s) with $546,400,564.98 traded over the last 24 hours. More information can be found at https://www.cardano.org.. It has a market capilization of 24852590592.

From 2024-02-11 to 2024-02-18, ADA-USD's stock price increased from 0.54 to 0.62. News during this period are listed below:

No relative news reported.
From 2024-02-18 to 2024-02-25, ADA-USD's stock price decreased from 0.62 to 0.59. News during this period are listed below:

No relative news reported.
From 2024-02-25 to 2024-03-03, ADA-USD's stock price increased from 0.59 to 0.73. News during this period are listed below:

No relative news reported.

Based on all the information before 2024-03-03, let's first analyze the positive developments and potential concerns for ADA-USD. Come up with 2-4 most important factors respectively and keep them concise. Most factors should be inferred from cryptocurrencies related news. Then let's assume your prediction for next week (2024-03-03 to 2024-03-10) is down by 1-2%. Provide a summary analysis to support your prediction. The prediction result need to be inferred from your analysis at the end, and thus not appearing as a foundational factor of your analysis.",
"[Cryptocurrency Introduction]: Cardano (ADA) is a cryptocurrency launched in 2017. Cardano has a current supply of 44,995,012,865.763293 with 35,298,485,421.751079 in circulation. The last known price of Cardano is 0.70056654 USD and is down -2.22 over the last 24 hours. It is currently trading on 1506 active market(s) with $546,400,564.98 traded over the last 24 hours. More information can be found at https://www.cardano.org.. It has a market capilization of 24852590592.

From 2024-02-18 to 2024-02-25, ADA-USD's stock price decreased from 0.62 to 0.59. News during this period are listed below:

No relative news reported.
From 2024-02-25 to 2024-03-03, ADA-USD's stock price increased from 0.59 to 0.73. News during this period are listed below:

No relative news reported.
From 2024-03-03 to 2024-03-10, ADA-USD's stock price decreased from 0.73 to 0.72. News during this period are listed below:

No relative news reported.

Based on all the information before 2024-03-10, let's first analyze the positive developments and potential concerns for ADA-USD. Come up with 2-4 most important factors respectively and keep them concise. Most factors should be inferred from cryptocurrencies related news. Then let's assume your prediction for next week (2024-03-10 to 2024-03-17) is down by more than 5%. Provide a summary analysis to support your prediction. The prediction result need to be inferred from your analysis at the end, and thus not appearing as a foundational factor of your analysis.",
"[Cryptocurrency Introduction]: Cardano (ADA) is a cryptocurrency launched in 2017. Cardano has a current supply of 44,995,012,865.763293 with 35,298,485,421.751079 in circulation. The last known price of Cardano is 0.70056654 USD and is down -2.22 over the last 24 hours. It is currently trading on 1506 active market(s) with $546,400,564.98 traded over the last 24 hours. More information can be found at https://www.cardano.org.. It has a market capilization of 24852590592.

From 2024-03-03 to 2024-03-10, ADA-USD's stock price decreased from 0.73 to 0.72. News during this period are listed below:

No relative news reported.
From 2024-03-10 to 2024-03-17, ADA-USD's stock price decreased from 0.72 to 0.68. News during this period are listed below:

No relative news reported.

Based on all the information before 2024-03-17, let's first analyze the positive developments and potential concerns for ADA-USD. Come up with 2-4 most important factors respectively and keep them concise. Most factors should be inferred from cryptocurrencies related news. Then let's assume your prediction for next week (2024-03-17 to 2024-03-24) is down by more than 5%. Provide a summary analysis to support your prediction. The prediction result need to be inferred from your analysis at the end, and thus not appearing as a foundational factor of your analysis.",
"[Cryptocurrency Introduction]: Cardano (ADA) is a cryptocurrency launched in 2017. Cardano has a current supply of 44,995,012,865.763293 with 35,298,485,421.751079 in circulation. The last known price of Cardano is 0.70056654 USD and is down -2.22 over the last 24 hours. It is currently trading on 1506 active market(s) with $546,400,564.98 traded over the last 24 hours. More information can be found at https://www.cardano.org.. It has a market capilization of 24852590592.

From 2024-03-03 to 2024-03-10, ADA-USD's stock price decreased from 0.73 to 0.72. News during this period are listed below:

No relative news reported.
From 2024-03-10 to 2024-03-17, ADA-USD's stock price decreased from 0.72 to 0.68. News during this period are listed below:

No relative news reported.
From 2024-03-17 to 2024-03-24, ADA-USD's stock price decreased from 0.68 to 0.65. News during this period are listed below:

No relative news reported.

Based on all the information before 2024-03-24, let's first analyze the positive developments and potential concerns for ADA-USD. Come up with 2-4 most important factors respectively and keep them concise. Most factors should be inferred from cryptocurrencies related news. Then let's assume your prediction for next week (2024-03-24 to 2024-03-31) is up by 0-1%. Provide a summary analysis to support your prediction. The prediction result need to be inferred from your analysis at the end, and thus not appearing as a foundational factor of your analysis.",
"[Cryptocurrency Introduction]: Cardano (ADA) is a cryptocurrency launched in 2017. Cardano has a current supply of 44,995,012,865.763293 with 35,298,485,421.751079 in circulation. The last known price of Cardano is 0.70056654 USD and is down -2.22 over the last 24 hours. It is currently trading on 1506 active market(s) with $546,400,564.98 traded over the last 24 hours. More information can be found at https://www.cardano.org.. It has a market capilization of 24852590592.

From 2024-03-10 to 2024-03-17, ADA-USD's stock price decreased from 0.72 to 0.68. News during this period are listed below:

No relative news reported.
From 2024-03-17 to 2024-03-24, ADA-USD's stock price decreased from 0.68 to 0.65. News during this period are listed below:

No relative news reported.
From 2024-03-24 to 2024-03-31, ADA-USD's stock price increased from 0.65 to 0.65. News during this period are listed below:

No relative news reported.

Based on all the information before 2024-03-31, let's first analyze the positive developments and potential concerns for ADA-USD. Come up with 2-4 most important factors respectively and keep them concise. Most factors should be inferred from cryptocurrencies related news. Then let's assume your prediction for next week (2024-03-31 to 2024-04-07) is down by more than 5%. Provide a summary analysis to support your prediction. The prediction result need to be inferred from your analysis at the end, and thus not appearing as a foundational factor of your analysis.",
"[Cryptocurrency Introduction]: Cardano (ADA) is a cryptocurrency launched in 2017. Cardano has a current supply of 44,995,012,865.763293 with 35,298,485,421.751079 in circulation. The last known price of Cardano is 0.70056654 USD and is down -2.22 over the last 24 hours. It is currently trading on 1506 active market(s) with $546,400,564.98 traded over the last 24 hours. More information can be found at https://www.cardano.org.. It has a market capilization of 24852590592.

From 2024-03-10 to 2024-03-17, ADA-USD's stock price decreased from 0.72 to 0.68. News during this period are listed below:

No relative news reported.
From 2024-03-17 to 2024-03-24, ADA-USD's stock price decreased from 0.68 to 0.65. News during this period are listed below:

No relative news reported.
From 2024-03-24 to 2024-03-31, ADA-USD's stock price increased from 0.65 to 0.65. News during this period are listed below:

No relative news reported.
From 2024-03-31 to 2024-04-07, ADA-USD's stock price decreased from 0.65 to 0.59. News during this period are listed below:

No relative news reported.

Based on all the information before 2024-04-07, let's first analyze the positive developments and potential concerns for ADA-USD. Come up with 2-4 most important factors respectively and keep them concise. Most factors should be inferred from cryptocurrencies related news. Then let's assume your prediction for next week (2024-04-07 to 2024-04-14) is down by more than 5%. Provide a summary analysis to support your prediction. The prediction result need to be inferred from your analysis at the end, and thus not appearing as a foundational factor of your analysis.",
"[Cryptocurrency Introduction]: Cardano (ADA) is a cryptocurrency launched in 2017. Cardano has a current supply of 44,995,012,865.763293 with 35,298,485,421.751079 in circulation. The last known price of Cardano is 0.70056654 USD and is down -2.22 over the last 24 hours. It is currently trading on 1506 active market(s) with $546,400,564.98 traded over the last 24 hours. More information can be found at https://www.cardano.org.. It has a market capilization of 24852590592.

From 2024-03-17 to 2024-03-24, ADA-USD's stock price decreased from 0.68 to 0.65. News during this period are listed below:

No relative news reported.
From 2024-03-24 to 2024-03-31, ADA-USD's stock price increased from 0.65 to 0.65. News during this period are listed below:

No relative news reported.
From 2024-03-31 to 2024-04-07, ADA-USD's stock price decreased from 0.65 to 0.59. News during this period are listed below:

No relative news reported.
From 2024-04-07 to 2024-04-14, ADA-USD's stock price decreased from 0.59 to 0.47. News during this period are listed below:

No relative news reported.

Based on all the information before 2024-04-14, let's first analyze the positive developments and potential concerns for ADA-USD. Come up with 2-4 most important factors respectively and keep them concise. Most factors should be inferred from cryptocurrencies related news. Then let's assume your prediction for next week (2024-04-14 to 2024-04-21) is up by more than 5%. Provide a summary analysis to support your prediction. The prediction result need to be inferred from your analysis at the end, and thus not appearing as a foundational factor of your analysis.",
"[Cryptocurrency Introduction]: Cardano (ADA) is a cryptocurrency launched in 2017. Cardano has a current supply of 44,995,012,865.763293 with 35,298,485,421.751079 in circulation. The last known price of Cardano is 0.70056654 USD and is down -2.22 over the last 24 hours. It is currently trading on 1506 active market(s) with $546,400,564.98 traded over the last 24 hours. More information can be found at https://www.cardano.org.. It has a market capilization of 24852590592.

From 2024-04-14 to 2024-04-21, ADA-USD's stock price increased from 0.47 to 0.50. News during this period are listed below:

No relative news reported.

Based on all the information before 2024-04-21, let's first analyze the positive developments and potential concerns for ADA-USD. Come up with 2-4 most important factors respectively and keep them concise. Most factors should be inferred from cryptocurrencies related news. Then let's assume your prediction for next week (2024-04-21 to 2024-04-28) is down by more than 5%. Provide a summary analysis to support your prediction. The prediction result need to be inferred from your analysis at the end, and thus not appearing as a foundational factor of your analysis.",
"[Cryptocurrency Introduction]: Cardano (ADA) is a cryptocurrency launched in 2017. Cardano has a current supply of 44,995,012,865.763293 with 35,298,485,421.751079 in circulation. The last known price of Cardano is 0.70056654 USD and is down -2.22 over the last 24 hours. It is currently trading on 1506 active market(s) with $546,400,564.98 traded over the last 24 hours. More information can be found at https://www.cardano.org.. It has a market capilization of 24852590592.

From 2024-03-31 to 2024-04-07, ADA-USD's stock price decreased from 0.65 to 0.59. News during this period are listed below:

No relative news reported.
From 2024-04-07 to 2024-04-14, ADA-USD's stock price decreased from 0.59 to 0.47. News during this period are listed below:

No relative news reported.
From 2024-04-14 to 2024-04-21, ADA-USD's stock price increased from 0.47 to 0.50. News during this period are listed below:

No relative news reported.
From 2024-04-21 to 2024-04-28, ADA-USD's stock price decreased from 0.50 to 0.46. News during this period are listed below:

No relative news reported.

Based on all the information before 2024-04-28, let's first analyze the positive developments and potential concerns for ADA-USD. Come up with 2-4 most important factors respectively and keep them concise. Most factors should be inferred from cryptocurrencies related news. Then let's assume your prediction for next week (2024-04-28 to 2024-05-05) is down by 0-1%. Provide a summary analysis to support your prediction. The prediction result need to be inferred from your analysis at the end, and thus not appearing as a foundational factor of your analysis.",
"[Cryptocurrency Introduction]: Cardano (ADA) is a cryptocurrency launched in 2017. Cardano has a current supply of 44,995,012,865.763293 with 35,298,485,421.751079 in circulation. The last known price of Cardano is 0.70056654 USD and is down -2.22 over the last 24 hours. It is currently trading on 1506 active market(s) with $546,400,564.98 traded over the last 24 hours. More information can be found at https://www.cardano.org.. It has a market capilization of 24852590592.

From 2024-04-28 to 2024-05-05, ADA-USD's stock price decreased from 0.46 to 0.46. News during this period are listed below:

No relative news reported.

Based on all the information before 2024-05-05, let's first analyze the positive developments and potential concerns for ADA-USD. Come up with 2-4 most important factors respectively and keep them concise. Most factors should be inferred from cryptocurrencies related news. Then let's assume your prediction for next week (2024-05-05 to 2024-05-12) is down by 4-5%. Provide a summary analysis to support your prediction. The prediction result need to be inferred from your analysis at the end, and thus not appearing as a foundational factor of your analysis.",
"[Cryptocurrency Introduction]: Cardano (ADA) is a cryptocurrency launched in 2017. Cardano has a current supply of 44,995,012,865.763293 with 35,298,485,421.751079 in circulation. The last known price of Cardano is 0.70056654 USD and is down -2.22 over the last 24 hours. It is currently trading on 1506 active market(s) with $546,400,564.98 traded over the last 24 hours. More information can be found at https://www.cardano.org.. It has a market capilization of 24852590592.

From 2024-04-28 to 2024-05-05, ADA-USD's stock price decreased from 0.46 to 0.46. News during this period are listed below:

No relative news reported.
From 2024-05-05 to 2024-05-12, ADA-USD's stock price decreased from 0.46 to 0.44. News during this period are listed below:

No relative news reported.

Based on all the information before 2024-05-12, let's first analyze the positive developments and potential concerns for ADA-USD. Come up with 2-4 most important factors respectively and keep them concise. Most factors should be inferred from cryptocurrencies related news. Then let's assume your prediction for next week (2024-05-12 to 2024-05-19) is up by more than 5%. Provide a summary analysis to support your prediction. The prediction result need to be inferred from your analysis at the end, and thus not appearing as a foundational factor of your analysis.",
"[Cryptocurrency Introduction]: Cardano (ADA) is a cryptocurrency launched in 2017. Cardano has a current supply of 44,995,012,865.763293 with 35,298,485,421.751079 in circulation. The last known price of Cardano is 0.70056654 USD and is down -2.22 over the last 24 hours. It is currently trading on 1506 active market(s) with $546,400,564.98 traded over the last 24 hours. More information can be found at https://www.cardano.org.. It has a market capilization of 24852590592.

From 2024-05-12 to 2024-05-19, ADA-USD's stock price increased from 0.44 to 0.47. News during this period are listed below:

No relative news reported.

Based on all the information before 2024-05-19, let's first analyze the positive developments and potential concerns for ADA-USD. Come up with 2-4 most important factors respectively and keep them concise. Most factors should be inferred from cryptocurrencies related news. Then let's assume your prediction for next week (2024-05-19 to 2024-05-26) is down by 1-2%. Provide a summary analysis to support your prediction. The prediction result need to be inferred from your analysis at the end, and thus not appearing as a foundational factor of your analysis.",
"[Cryptocurrency Introduction]: Cardano (ADA) is a cryptocurrency launched in 2017. Cardano has a current supply of 44,995,012,865.763293 with 35,298,485,421.751079 in circulation. The last known price of Cardano is 0.70056654 USD and is down -2.22 over the last 24 hours. It is currently trading on 1506 active market(s) with $546,400,564.98 traded over the last 24 hours. More information can be found at https://www.cardano.org.. It has a market capilization of 24852590592.

From 2024-04-28 to 2024-05-05, ADA-USD's stock price decreased from 0.46 to 0.46. News during this period are listed below:

No relative news reported.
From 2024-05-05 to 2024-05-12, ADA-USD's stock price decreased from 0.46 to 0.44. News during this period are listed below:

No relative news reported.
From 2024-05-12 to 2024-05-19, ADA-USD's stock price increased from 0.44 to 0.47. News during this period are listed below:

No relative news reported.
From 2024-05-19 to 2024-05-26, ADA-USD's stock price decreased from 0.47 to 0.46. News during this period are listed below:

No relative news reported.

Based on all the information before 2024-05-26, let's first analyze the positive developments and potential concerns for ADA-USD. Come up with 2-4 most important factors respectively and keep them concise. Most factors should be inferred from cryptocurrencies related news. Then let's assume your prediction for next week (2024-05-26 to 2024-06-02) is down by 2-3%. Provide a summary analysis to support your prediction. The prediction result need to be inferred from your analysis at the end, and thus not appearing as a foundational factor of your analysis.",
"[Cryptocurrency Introduction]: Cardano (ADA) is a cryptocurrency launched in 2017. Cardano has a current supply of 44,995,012,865.763293 with 35,298,485,421.751079 in circulation. The last known price of Cardano is 0.70056654 USD and is down -2.22 over the last 24 hours. It is currently trading on 1506 active market(s) with $546,400,564.98 traded over the last 24 hours. More information can be found at https://www.cardano.org.. It has a market capilization of 24852590592.

From 2024-05-05 to 2024-05-12, ADA-USD's stock price decreased from 0.46 to 0.44. News during this period are listed below:

No relative news reported.
From 2024-05-12 to 2024-05-19, ADA-USD's stock price increased from 0.44 to 0.47. News during this period are listed below:

No relative news reported.
From 2024-05-19 to 2024-05-26, ADA-USD's stock price decreased from 0.47 to 0.46. News during this period are listed below:

No relative news reported.
From 2024-05-26 to 2024-06-02, ADA-USD's stock price decreased from 0.46 to 0.45. News during this period are listed below:

[Headline]: Charting 2024's ETF Boom - Ether Entering The Arena?
[Summary]: Amid a lack of Wall Street dealmaking this year, ETF issuers have been busy crafting new strategies.


Based on all the information before 2024-06-02, let's first analyze the positive developments and potential concerns for ADA-USD. Come up with 2-4 most important factors respectively and keep them concise. Most factors should be inferred from cryptocurrencies related news. Then let's assume your prediction for next week (2024-06-02 to 2024-06-09) is down by 0-1%. Provide a summary analysis to support your prediction. The prediction result need to be inferred from your analysis at the end, and thus not appearing as a foundational factor of your analysis.",
"[Cryptocurrency Introduction]: Cardano (ADA) is a cryptocurrency launched in 2017. Cardano has a current supply of 44,995,012,865.763293 with 35,298,485,421.751079 in circulation. The last known price of Cardano is 0.70056654 USD and is down -2.22 over the last 24 hours. It is currently trading on 1506 active market(s) with $546,400,564.98 traded over the last 24 hours. More information can be found at https://www.cardano.org.. It has a market capilization of 24852590592.

From 2024-05-12 to 2024-05-19, ADA-USD's stock price increased from 0.44 to 0.47. News during this period are listed below:

No relative news reported.
From 2024-05-19 to 2024-05-26, ADA-USD's stock price decreased from 0.47 to 0.46. News during this period are listed below:

No relative news reported.
From 2024-05-26 to 2024-06-02, ADA-USD's stock price decreased from 0.46 to 0.45. News during this period are listed below:

[Headline]: Charting 2024's ETF Boom - Ether Entering The Arena?
[Summary]: Amid a lack of Wall Street dealmaking this year, ETF issuers have been busy crafting new strategies.

From 2024-06-02 to 2024-06-09, ADA-USD's stock price decreased from 0.45 to 0.44. News during this period are listed below:

No relative news reported.

Based on all the information before 2024-06-09, let's first analyze the positive developments and potential concerns for ADA-USD. Come up with 2-4 most important factors respectively and keep them concise. Most factors should be inferred from cryptocurrencies related news. Then let's assume your prediction for next week (2024-06-09 to 2024-06-16) is down by more than 5%. Provide a summary analysis to support your prediction. The prediction result need to be inferred from your analysis at the end, and thus not appearing as a foundational factor of your analysis.",
"[Cryptocurrency Introduction]: Cardano (ADA) is a cryptocurrency launched in 2017. Cardano has a current supply of 44,995,012,865.763293 with 35,298,485,421.751079 in circulation. The last known price of Cardano is 0.70056654 USD and is down -2.22 over the last 24 hours. It is currently trading on 1506 active market(s) with $546,400,564.98 traded over the last 24 hours. More information can be found at https://www.cardano.org.. It has a market capilization of 24852590592.

From 2024-06-02 to 2024-06-09, ADA-USD's stock price decreased from 0.45 to 0.44. News during this period are listed below:

No relative news reported.
From 2024-06-09 to 2024-06-16, ADA-USD's stock price decreased from 0.44 to 0.42. News during this period are listed below:

No relative news reported.

Based on all the information before 2024-06-16, let's first analyze the positive developments and potential concerns for ADA-USD. Come up with 2-4 most important factors respectively and keep them concise. Most factors should be inferred from cryptocurrencies related news. Then let's assume your prediction for next week (2024-06-16 to 2024-06-23) is down by more than 5%. Provide a summary analysis to support your prediction. The prediction result need to be inferred from your analysis at the end, and thus not appearing as a foundational factor of your analysis.",
"[Cryptocurrency Introduction]: Cardano (ADA) is a cryptocurrency launched in 2017. Cardano has a current supply of 44,995,012,865.763293 with 35,298,485,421.751079 in circulation. The last known price of Cardano is 0.70056654 USD and is down -2.22 over the last 24 hours. It is currently trading on 1506 active market(s) with $546,400,564.98 traded over the last 24 hours. More information can be found at https://www.cardano.org.. It has a market capilization of 24852590592.

From 2024-05-26 to 2024-06-02, ADA-USD's stock price decreased from 0.46 to 0.45. News during this period are listed below:

[Headline]: Charting 2024's ETF Boom - Ether Entering The Arena?
[Summary]: Amid a lack of Wall Street dealmaking this year, ETF issuers have been busy crafting new strategies.

From 2024-06-02 to 2024-06-09, ADA-USD's stock price decreased from 0.45 to 0.44. News during this period are listed below:

No relative news reported.
From 2024-06-09 to 2024-06-16, ADA-USD's stock price decreased from 0.44 to 0.42. News during this period are listed below:

No relative news reported.
From 2024-06-16 to 2024-06-23, ADA-USD's stock price decreased from 0.42 to 0.38. News during this period are listed below:

No relative news reported.

Based on all the information before 2024-06-23, let's first analyze the positive developments and potential concerns for ADA-USD. Come up with 2-4 most important factors respectively and keep them concise. Most factors should be inferred from cryptocurrencies related news. Then let's assume your prediction for next week (2024-06-23 to 2024-06-30) is up by 3-4%. Provide a summary analysis to support your prediction. The prediction result need to be inferred from your analysis at the end, and thus not appearing as a foundational factor of your analysis.",
"[Cryptocurrency Introduction]: Cardano (ADA) is a cryptocurrency launched in 2017. Cardano has a current supply of 44,995,012,865.763293 with 35,298,485,421.751079 in circulation. The last known price of Cardano is 0.70056654 USD and is down -2.22 over the last 24 hours. It is currently trading on 1506 active market(s) with $546,400,564.98 traded over the last 24 hours. More information can be found at https://www.cardano.org.. It has a market capilization of 24852590592.

From 2024-06-02 to 2024-06-09, ADA-USD's stock price decreased from 0.45 to 0.44. News during this period are listed below:

No relative news reported.
From 2024-06-09 to 2024-06-16, ADA-USD's stock price decreased from 0.44 to 0.42. News during this period are listed below:

No relative news reported.
From 2024-06-16 to 2024-06-23, ADA-USD's stock price decreased from 0.42 to 0.38. News during this period are listed below:

No relative news reported.
From 2024-06-23 to 2024-06-30, ADA-USD's stock price increased from 0.38 to 0.39. News during this period are listed below:

[Headline]: Mid-Year Review: VanEck's 15 Crypto Predictions For 2024
[Summary]: Scoreboard check! We've hit the mid-year mark of 2024, and it's time to tally up our top 15 Crypto Predictions for 2024. Click here to read more.


Based on all the information before 2024-06-30, let's first analyze the positive developments and potential concerns for ADA-USD. Come up with 2-4 most important factors respectively and keep them concise. Most factors should be inferred from cryptocurrencies related news. Then let's assume your prediction for next week (2024-06-30 to 2024-07-07) is down by more than 5%. Provide a summary analysis to support your prediction. The prediction result need to be inferred from your analysis at the end, and thus not appearing as a foundational factor of your analysis.",
"[Cryptocurrency Introduction]: Cardano (ADA) is a cryptocurrency launched in 2017. Cardano has a current supply of 44,995,012,865.763293 with 35,298,485,421.751079 in circulation. The last known price of Cardano is 0.70056654 USD and is down -2.22 over the last 24 hours. It is currently trading on 1506 active market(s) with $546,400,564.98 traded over the last 24 hours. More information can be found at https://www.cardano.org.. It has a market capilization of 24852590592.

From 2024-06-30 to 2024-07-07, ADA-USD's stock price decreased from 0.39 to 0.35. News during this period are listed below:

[Headline]: Mid-Year Review: VanEck's 15 Crypto Predictions For 2024
[Summary]: Scoreboard check! We've hit the mid-year mark of 2024, and it's time to tally up our top 15 Crypto Predictions for 2024. Click here to read more.

[Headline]: Winter Follows Autumn
[Summary]: Many investors have embraced the mythical soft landing scenario. But following bubble peaks, stocks don't just retreat from overvalued levels to fair value and stop dropping. Read more here.

[Headline]: The Sponsored Bull Market
[Summary]: 


Based on all the information before 2024-07-07, let's first analyze the positive developments and potential concerns for ADA-USD. Come up with 2-4 most important factors respectively and keep them concise. Most factors should be inferred from cryptocurrencies related news. Then let's assume your prediction for next week (2024-07-07 to 2024-07-14) is up by more than 5%. Provide a summary analysis to support your prediction. The prediction result need to be inferred from your analysis at the end, and thus not appearing as a foundational factor of your analysis.",
"[Cryptocurrency Introduction]: Cardano (ADA) is a cryptocurrency launched in 2017. Cardano has a current supply of 44,995,012,865.763293 with 35,298,485,421.751079 in circulation. The last known price of Cardano is 0.70056654 USD and is down -2.22 over the last 24 hours. It is currently trading on 1506 active market(s) with $546,400,564.98 traded over the last 24 hours. More information can be found at https://www.cardano.org.. It has a market capilization of 24852590592.

From 2024-06-30 to 2024-07-07, ADA-USD's stock price decreased from 0.39 to 0.35. News during this period are listed below:

[Headline]: Mid-Year Review: VanEck's 15 Crypto Predictions For 2024
[Summary]: Scoreboard check! We've hit the mid-year mark of 2024, and it's time to tally up our top 15 Crypto Predictions for 2024. Click here to read more.

[Headline]: Winter Follows Autumn
[Summary]: Many investors have embraced the mythical soft landing scenario. But following bubble peaks, stocks don't just retreat from overvalued levels to fair value and stop dropping. Read more here.

[Headline]: The Sponsored Bull Market
[Summary]: 

From 2024-07-07 to 2024-07-14, ADA-USD's stock price increased from 0.35 to 0.43. News during this period are listed below:

[Headline]: VanEck Crypto Monthly Recap For June 2024
[Summary]: 


Based on all the information before 2024-07-14, let's first analyze the positive developments and potential concerns for ADA-USD. Come up with 2-4 most important factors respectively and keep them concise. Most factors should be inferred from cryptocurrencies related news. Then let's assume your prediction for next week (2024-07-14 to 2024-07-21) is up by 3-4%. Provide a summary analysis to support your prediction. The prediction result need to be inferred from your analysis at the end, and thus not appearing as a foundational factor of your analysis.",
"[Cryptocurrency Introduction]: Cardano (ADA) is a cryptocurrency launched in 2017. Cardano has a current supply of 44,995,012,865.763293 with 35,298,485,421.751079 in circulation. The last known price of Cardano is 0.70056654 USD and is down -2.22 over the last 24 hours. It is currently trading on 1506 active market(s) with $546,400,564.98 traded over the last 24 hours. More information can be found at https://www.cardano.org.. It has a market capilization of 24852590592.

From 2024-07-07 to 2024-07-14, ADA-USD's stock price increased from 0.35 to 0.43. News during this period are listed below:

[Headline]: VanEck Crypto Monthly Recap For June 2024
[Summary]: 

From 2024-07-14 to 2024-07-21, ADA-USD's stock price increased from 0.43 to 0.45. News during this period are listed below:

No relative news reported.

Based on all the information before 2024-07-21, let's first analyze the positive developments and potential concerns for ADA-USD. Come up with 2-4 most important factors respectively and keep them concise. Most factors should be inferred from cryptocurrencies related news. Then let's assume your prediction for next week (2024-07-21 to 2024-07-28) is down by more than 5%. Provide a summary analysis to support your prediction. The prediction result need to be inferred from your analysis at the end, and thus not appearing as a foundational factor of your analysis.",
"[Cryptocurrency Introduction]: Cardano (ADA) is a cryptocurrency launched in 2017. Cardano has a current supply of 44,995,012,865.763293 with 35,298,485,421.751079 in circulation. The last known price of Cardano is 0.70056654 USD and is down -2.22 over the last 24 hours. It is currently trading on 1506 active market(s) with $546,400,564.98 traded over the last 24 hours. More information can be found at https://www.cardano.org.. It has a market capilization of 24852590592.

From 2024-07-21 to 2024-07-28, ADA-USD's stock price decreased from 0.45 to 0.41. News during this period are listed below:

No relative news reported.

Based on all the information before 2024-07-28, let's first analyze the positive developments and potential concerns for ADA-USD. Come up with 2-4 most important factors respectively and keep them concise. Most factors should be inferred from cryptocurrencies related news. Then let's assume your prediction for next week (2024-07-28 to 2024-08-04) is down by more than 5%. Provide a summary analysis to support your prediction. The prediction result need to be inferred from your analysis at the end, and thus not appearing as a foundational factor of your analysis.",
"[Cryptocurrency Introduction]: Cardano (ADA) is a cryptocurrency launched in 2017. Cardano has a current supply of 44,995,012,865.763293 with 35,298,485,421.751079 in circulation. The last known price of Cardano is 0.70056654 USD and is down -2.22 over the last 24 hours. It is currently trading on 1506 active market(s) with $546,400,564.98 traded over the last 24 hours. More information can be found at https://www.cardano.org.. It has a market capilization of 24852590592.

From 2024-07-07 to 2024-07-14, ADA-USD's stock price increased from 0.35 to 0.43. News during this period are listed below:

[Headline]: VanEck Crypto Monthly Recap For June 2024
[Summary]: 

From 2024-07-14 to 2024-07-21, ADA-USD's stock price increased from 0.43 to 0.45. News during this period are listed below:

No relative news reported.
From 2024-07-21 to 2024-07-28, ADA-USD's stock price decreased from 0.45 to 0.41. News during this period are listed below:

No relative news reported.
From 2024-07-28 to 2024-08-04, ADA-USD's stock price decreased from 0.41 to 0.34. News during this period are listed below:

[Headline]: Ether ETFs Spotlight Crypto's Big Ask For Trump
[Summary]: If Trump wins in November, loosening limitations on these crypto-for-the-masses products from Fidelity, BlackRock and their ilk seems an obvious target. Click to read.


Based on all the information before 2024-08-04, let's first analyze the positive developments and potential concerns for ADA-USD. Come up with 2-4 most important factors respectively and keep them concise. Most factors should be inferred from cryptocurrencies related news. Then let's assume your prediction for next week (2024-08-04 to 2024-08-11) is down by 4-5%. Provide a summary analysis to support your prediction. The prediction result need to be inferred from your analysis at the end, and thus not appearing as a foundational factor of your analysis.",
"[Cryptocurrency Introduction]: Cardano (ADA) is a cryptocurrency launched in 2017. Cardano has a current supply of 44,995,012,865.763293 with 35,298,485,421.751079 in circulation. The last known price of Cardano is 0.70056654 USD and is down -2.22 over the last 24 hours. It is currently trading on 1506 active market(s) with $546,400,564.98 traded over the last 24 hours. More information can be found at https://www.cardano.org.. It has a market capilization of 24852590592.

From 2024-07-14 to 2024-07-21, ADA-USD's stock price increased from 0.43 to 0.45. News during this period are listed below:

No relative news reported.
From 2024-07-21 to 2024-07-28, ADA-USD's stock price decreased from 0.45 to 0.41. News during this period are listed below:

No relative news reported.
From 2024-07-28 to 2024-08-04, ADA-USD's stock price decreased from 0.41 to 0.34. News during this period are listed below:

[Headline]: Ether ETFs Spotlight Crypto's Big Ask For Trump
[Summary]: If Trump wins in November, loosening limitations on these crypto-for-the-masses products from Fidelity, BlackRock and their ilk seems an obvious target. Click to read.

From 2024-08-04 to 2024-08-11, ADA-USD's stock price decreased from 0.34 to 0.33. News during this period are listed below:

No relative news reported.

Based on all the information before 2024-08-11, let's first analyze the positive developments and potential concerns for ADA-USD. Come up with 2-4 most important factors respectively and keep them concise. Most factors should be inferred from cryptocurrencies related news. Then let's assume your prediction for next week (2024-08-11 to 2024-08-18) is up by 1-2%. Provide a summary analysis to support your prediction. The prediction result need to be inferred from your analysis at the end, and thus not appearing as a foundational factor of your analysis.",
"[Cryptocurrency Introduction]: Cardano (ADA) is a cryptocurrency launched in 2017. Cardano has a current supply of 44,995,012,865.763293 with 35,298,485,421.751079 in circulation. The last known price of Cardano is 0.70056654 USD and is down -2.22 over the last 24 hours. It is currently trading on 1506 active market(s) with $546,400,564.98 traded over the last 24 hours. More information can be found at https://www.cardano.org.. It has a market capilization of 24852590592.

From 2024-07-21 to 2024-07-28, ADA-USD's stock price decreased from 0.45 to 0.41. News during this period are listed below:

No relative news reported.
From 2024-07-28 to 2024-08-04, ADA-USD's stock price decreased from 0.41 to 0.34. News during this period are listed below:

[Headline]: Ether ETFs Spotlight Crypto's Big Ask For Trump
[Summary]: If Trump wins in November, loosening limitations on these crypto-for-the-masses products from Fidelity, BlackRock and their ilk seems an obvious target. Click to read.

From 2024-08-04 to 2024-08-11, ADA-USD's stock price decreased from 0.34 to 0.33. News during this period are listed below:

No relative news reported.
From 2024-08-11 to 2024-08-18, ADA-USD's stock price increased from 0.33 to 0.33. News during this period are listed below:

No relative news reported.

Based on all the information before 2024-08-18, let's first analyze the positive developments and potential concerns for ADA-USD. Come up with 2-4 most important factors respectively and keep them concise. Most factors should be inferred from cryptocurrencies related news. Then let's assume your prediction for next week (2024-08-18 to 2024-08-25) is up by more than 5%. Provide a summary analysis to support your prediction. The prediction result need to be inferred from your analysis at the end, and thus not appearing as a foundational factor of your analysis.",
"[Cryptocurrency Introduction]: Cardano (ADA) is a cryptocurrency launched in 2017. Cardano has a current supply of 44,995,012,865.763293 with 35,298,485,421.751079 in circulation. The last known price of Cardano is 0.70056654 USD and is down -2.22 over the last 24 hours. It is currently trading on 1506 active market(s) with $546,400,564.98 traded over the last 24 hours. More information can be found at https://www.cardano.org.. It has a market capilization of 24852590592.

From 2024-08-11 to 2024-08-18, ADA-USD's stock price increased from 0.33 to 0.33. News during this period are listed below:

No relative news reported.
From 2024-08-18 to 2024-08-25, ADA-USD's stock price increased from 0.33 to 0.38. News during this period are listed below:

No relative news reported.

Based on all the information before 2024-08-25, let's first analyze the positive developments and potential concerns for ADA-USD. Come up with 2-4 most important factors respectively and keep them concise. Most factors should be inferred from cryptocurrencies related news. Then let's assume your prediction for next week (2024-08-25 to 2024-09-01) is down by more than 5%. Provide a summary analysis to support your prediction. The prediction result need to be inferred from your analysis at the end, and thus not appearing as a foundational factor of your analysis.",
"[Cryptocurrency Introduction]: Cardano (ADA) is a cryptocurrency launched in 2017. Cardano has a current supply of 44,995,012,865.763293 with 35,298,485,421.751079 in circulation. The last known price of Cardano is 0.70056654 USD and is down -2.22 over the last 24 hours. It is currently trading on 1506 active market(s) with $546,400,564.98 traded over the last 24 hours. More information can be found at https://www.cardano.org.. It has a market capilization of 24852590592.

From 2024-08-18 to 2024-08-25, ADA-USD's stock price increased from 0.33 to 0.38. News during this period are listed below:

No relative news reported.
From 2024-08-25 to 2024-09-01, ADA-USD's stock price decreased from 0.38 to 0.33. News during this period are listed below:

No relative news reported.

Based on all the information before 2024-09-01, let's first analyze the positive developments and potential concerns for ADA-USD. Come up with 2-4 most important factors respectively and keep them concise. Most factors should be inferred from cryptocurrencies related news. Then let's assume your prediction for next week (2024-09-01 to 2024-09-08) is up by 2-3%. Provide a summary analysis to support your prediction. The prediction result need to be inferred from your analysis at the end, and thus not appearing as a foundational factor of your analysis.",
"[Cryptocurrency Introduction]: Cardano (ADA) is a cryptocurrency launched in 2017. Cardano has a current supply of 44,995,012,865.763293 with 35,298,485,421.751079 in circulation. The last known price of Cardano is 0.70056654 USD and is down -2.22 over the last 24 hours. It is currently trading on 1506 active market(s) with $546,400,564.98 traded over the last 24 hours. More information can be found at https://www.cardano.org.. It has a market capilization of 24852590592.

From 2024-08-18 to 2024-08-25, ADA-USD's stock price increased from 0.33 to 0.38. News during this period are listed below:

No relative news reported.
From 2024-08-25 to 2024-09-01, ADA-USD's stock price decreased from 0.38 to 0.33. News during this period are listed below:

No relative news reported.
From 2024-09-01 to 2024-09-08, ADA-USD's stock price increased from 0.33 to 0.34. News during this period are listed below:

[Headline]: VanEck Crypto Monthly Recap For August 2024
[Summary]: Most crypto assets fell sharply in August as fundamental usage and financial statistics slipped against the broader market backdrop of rising volatility. Click to read.


Based on all the information before 2024-09-08, let's first analyze the positive developments and potential concerns for ADA-USD. Come up with 2-4 most important factors respectively and keep them concise. Most factors should be inferred from cryptocurrencies related news. Then let's assume your prediction for next week (2024-09-08 to 2024-09-15) is down by 0-1%. Provide a summary analysis to support your prediction. The prediction result need to be inferred from your analysis at the end, and thus not appearing as a foundational factor of your analysis.",
"[Cryptocurrency Introduction]: Cardano (ADA) is a cryptocurrency launched in 2017. Cardano has a current supply of 44,995,012,865.763293 with 35,298,485,421.751079 in circulation. The last known price of Cardano is 0.70056654 USD and is down -2.22 over the last 24 hours. It is currently trading on 1506 active market(s) with $546,400,564.98 traded over the last 24 hours. More information can be found at https://www.cardano.org.. It has a market capilization of 24852590592.

From 2024-08-18 to 2024-08-25, ADA-USD's stock price increased from 0.33 to 0.38. News during this period are listed below:

No relative news reported.
From 2024-08-25 to 2024-09-01, ADA-USD's stock price decreased from 0.38 to 0.33. News during this period are listed below:

No relative news reported.
From 2024-09-01 to 2024-09-08, ADA-USD's stock price increased from 0.33 to 0.34. News during this period are listed below:

[Headline]: VanEck Crypto Monthly Recap For August 2024
[Summary]: Most crypto assets fell sharply in August as fundamental usage and financial statistics slipped against the broader market backdrop of rising volatility. Click to read.

From 2024-09-08 to 2024-09-15, ADA-USD's stock price decreased from 0.34 to 0.34. News during this period are listed below:

No relative news reported.

Based on all the information before 2024-09-15, let's first analyze the positive developments and potential concerns for ADA-USD. Come up with 2-4 most important factors respectively and keep them concise. Most factors should be inferred from cryptocurrencies related news. Then let's assume your prediction for next week (2024-09-15 to 2024-09-22) is up by 3-4%. Provide a summary analysis to support your prediction. The prediction result need to be inferred from your analysis at the end, and thus not appearing as a foundational factor of your analysis.",
"[Cryptocurrency Introduction]: Cardano (ADA) is a cryptocurrency launched in 2017. Cardano has a current supply of 44,995,012,865.763293 with 35,298,485,421.751079 in circulation. The last known price of Cardano is 0.70056654 USD and is down -2.22 over the last 24 hours. It is currently trading on 1506 active market(s) with $546,400,564.98 traded over the last 24 hours. More information can be found at https://www.cardano.org.. It has a market capilization of 24852590592.

From 2024-09-08 to 2024-09-15, ADA-USD's stock price decreased from 0.34 to 0.34. News during this period are listed below:

No relative news reported.
From 2024-09-15 to 2024-09-22, ADA-USD's stock price increased from 0.34 to 0.35. News during this period are listed below:

No relative news reported.

Based on all the information before 2024-09-22, let's first analyze the positive developments and potential concerns for ADA-USD. Come up with 2-4 most important factors respectively and keep them concise. Most factors should be inferred from cryptocurrencies related news. Then let's assume your prediction for next week (2024-09-22 to 2024-09-29) is up by more than 5%. Provide a summary analysis to support your prediction. The prediction result need to be inferred from your analysis at the end, and thus not appearing as a foundational factor of your analysis.",
"[Cryptocurrency Introduction]: Cardano (ADA) is a cryptocurrency launched in 2017. Cardano has a current supply of 44,995,012,865.763293 with 35,298,485,421.751079 in circulation. The last known price of Cardano is 0.70056654 USD and is down -2.22 over the last 24 hours. It is currently trading on 1506 active market(s) with $546,400,564.98 traded over the last 24 hours. More information can be found at https://www.cardano.org.. It has a market capilization of 24852590592.

From 2024-09-08 to 2024-09-15, ADA-USD's stock price decreased from 0.34 to 0.34. News during this period are listed below:

No relative news reported.
From 2024-09-15 to 2024-09-22, ADA-USD's stock price increased from 0.34 to 0.35. News during this period are listed below:

No relative news reported.
From 2024-09-22 to 2024-09-29, ADA-USD's stock price increased from 0.35 to 0.40. News during this period are listed below:

No relative news reported.

Based on all the information before 2024-09-29, let's first analyze the positive developments and potential concerns for ADA-USD. Come up with 2-4 most important factors respectively and keep them concise. Most factors should be inferred from cryptocurrencies related news. Then let's assume your prediction for next week (2024-09-29 to 2024-10-06) is down by more than 5%. Provide a summary analysis to support your prediction. The prediction result need to be inferred from your analysis at the end, and thus not appearing as a foundational factor of your analysis.",
"[Cryptocurrency Introduction]: Cardano (ADA) is a cryptocurrency launched in 2017. Cardano has a current supply of 44,995,012,865.763293 with 35,298,485,421.751079 in circulation. The last known price of Cardano is 0.70056654 USD and is down -2.22 over the last 24 hours. It is currently trading on 1506 active market(s) with $546,400,564.98 traded over the last 24 hours. More information can be found at https://www.cardano.org.. It has a market capilization of 24852590592.

From 2024-09-08 to 2024-09-15, ADA-USD's stock price decreased from 0.34 to 0.34. News during this period are listed below:

No relative news reported.
From 2024-09-15 to 2024-09-22, ADA-USD's stock price increased from 0.34 to 0.35. News during this period are listed below:

No relative news reported.
From 2024-09-22 to 2024-09-29, ADA-USD's stock price increased from 0.35 to 0.40. News during this period are listed below:

No relative news reported.
From 2024-09-29 to 2024-10-06, ADA-USD's stock price decreased from 0.40 to 0.36. News during this period are listed below:

[Headline]: The 'Everything Market' Could Last A While Longer
[Summary]: We are currently in the 'everything market'. It doesnt matter what you have probably invested in; it is currently increasing in value. Click to read.


Based on all the information before 2024-10-06, let's first analyze the positive developments and potential concerns for ADA-USD. Come up with 2-4 most important factors respectively and keep them concise. Most factors should be inferred from cryptocurrencies related news. Then let's assume your prediction for next week (2024-10-06 to 2024-10-13) is down by 2-3%. Provide a summary analysis to support your prediction. The prediction result need to be inferred from your analysis at the end, and thus not appearing as a foundational factor of your analysis.",
"[Cryptocurrency Introduction]: Cardano (ADA) is a cryptocurrency launched in 2017. Cardano has a current supply of 44,995,012,865.763293 with 35,298,485,421.751079 in circulation. The last known price of Cardano is 0.70056654 USD and is down -2.22 over the last 24 hours. It is currently trading on 1506 active market(s) with $546,400,564.98 traded over the last 24 hours. More information can be found at https://www.cardano.org.. It has a market capilization of 24852590592.

From 2024-09-29 to 2024-10-06, ADA-USD's stock price decreased from 0.40 to 0.36. News during this period are listed below:

[Headline]: The 'Everything Market' Could Last A While Longer
[Summary]: We are currently in the 'everything market'. It doesnt matter what you have probably invested in; it is currently increasing in value. Click to read.

From 2024-10-06 to 2024-10-13, ADA-USD's stock price decreased from 0.36 to 0.35. News during this period are listed below:

No relative news reported.

Based on all the information before 2024-10-13, let's first analyze the positive developments and potential concerns for ADA-USD. Come up with 2-4 most important factors respectively and keep them concise. Most factors should be inferred from cryptocurrencies related news. Then let's assume your prediction for next week (2024-10-13 to 2024-10-20) is up by 4-5%. Provide a summary analysis to support your prediction. The prediction result need to be inferred from your analysis at the end, and thus not appearing as a foundational factor of your analysis.",
"[Cryptocurrency Introduction]: Cardano (ADA) is a cryptocurrency launched in 2017. Cardano has a current supply of 44,995,012,865.763293 with 35,298,485,421.751079 in circulation. The last known price of Cardano is 0.70056654 USD and is down -2.22 over the last 24 hours. It is currently trading on 1506 active market(s) with $546,400,564.98 traded over the last 24 hours. More information can be found at https://www.cardano.org.. It has a market capilization of 24852590592.

From 2024-09-29 to 2024-10-06, ADA-USD's stock price decreased from 0.40 to 0.36. News during this period are listed below:

[Headline]: The 'Everything Market' Could Last A While Longer
[Summary]: We are currently in the 'everything market'. It doesnt matter what you have probably invested in; it is currently increasing in value. Click to read.

From 2024-10-06 to 2024-10-13, ADA-USD's stock price decreased from 0.36 to 0.35. News during this period are listed below:

No relative news reported.
From 2024-10-13 to 2024-10-20, ADA-USD's stock price increased from 0.35 to 0.36. News during this period are listed below:

No relative news reported.

Based on all the information before 2024-10-20, let's first analyze the positive developments and potential concerns for ADA-USD. Come up with 2-4 most important factors respectively and keep them concise. Most factors should be inferred from cryptocurrencies related news. Then let's assume your prediction for next week (2024-10-20 to 2024-10-27) is down by more than 5%. Provide a summary analysis to support your prediction. The prediction result need to be inferred from your analysis at the end, and thus not appearing as a foundational factor of your analysis.",
"[Cryptocurrency Introduction]: Cardano (ADA) is a cryptocurrency launched in 2017. Cardano has a current supply of 44,995,012,865.763293 with 35,298,485,421.751079 in circulation. The last known price of Cardano is 0.70056654 USD and is down -2.22 over the last 24 hours. It is currently trading on 1506 active market(s) with $546,400,564.98 traded over the last 24 hours. More information can be found at https://www.cardano.org.. It has a market capilization of 24852590592.

From 2024-10-13 to 2024-10-20, ADA-USD's stock price increased from 0.35 to 0.36. News during this period are listed below:

No relative news reported.
From 2024-10-20 to 2024-10-27, ADA-USD's stock price decreased from 0.36 to 0.34. News during this period are listed below:

No relative news reported.

Based on all the information before 2024-10-27, let's first analyze the positive developments and potential concerns for ADA-USD. Come up with 2-4 most important factors respectively and keep them concise. Most factors should be inferred from cryptocurrencies related news. Then let's assume your prediction for next week (2024-10-27 to 2024-11-03) is down by 1-2%. Provide a summary analysis to support your prediction. The prediction result need to be inferred from your analysis at the end, and thus not appearing as a foundational factor of your analysis.",
"[Cryptocurrency Introduction]: Cardano (ADA) is a cryptocurrency launched in 2017. Cardano has a current supply of 44,995,012,865.763293 with 35,298,485,421.751079 in circulation. The last known price of Cardano is 0.70056654 USD and is down -2.22 over the last 24 hours. It is currently trading on 1506 active market(s) with $546,400,564.98 traded over the last 24 hours. More information can be found at https://www.cardano.org.. It has a market capilization of 24852590592.

From 2024-10-20 to 2024-10-27, ADA-USD's stock price decreased from 0.36 to 0.34. News during this period are listed below:

No relative news reported.
From 2024-10-27 to 2024-11-03, ADA-USD's stock price decreased from 0.34 to 0.33. News during this period are listed below:

[Headline]: A Look Back At Crypto ETFs
[Summary]: Bitcoin interest has remained relatively high, and bitcoin prices have now reached over $70,000. This year has been one of the busiest in terms of crypto ETF launches. Read more here...


Based on all the information before 2024-11-03, let's first analyze the positive developments and potential concerns for ADA-USD. Come up with 2-4 most important factors respectively and keep them concise. Most factors should be inferred from cryptocurrencies related news. Then let's assume your prediction for next week (2024-11-03 to 2024-11-10) is up by more than 5%. Provide a summary analysis to support your prediction. The prediction result need to be inferred from your analysis at the end, and thus not appearing as a foundational factor of your analysis.",
"[Cryptocurrency Introduction]: Cardano (ADA) is a cryptocurrency launched in 2017. Cardano has a current supply of 44,995,012,865.763293 with 35,298,485,421.751079 in circulation. The last known price of Cardano is 0.70056654 USD and is down -2.22 over the last 24 hours. It is currently trading on 1506 active market(s) with $546,400,564.98 traded over the last 24 hours. More information can be found at https://www.cardano.org.. It has a market capilization of 24852590592.

From 2024-10-13 to 2024-10-20, ADA-USD's stock price increased from 0.35 to 0.36. News during this period are listed below:

No relative news reported.
From 2024-10-20 to 2024-10-27, ADA-USD's stock price decreased from 0.36 to 0.34. News during this period are listed below:

No relative news reported.
From 2024-10-27 to 2024-11-03, ADA-USD's stock price decreased from 0.34 to 0.33. News during this period are listed below:

[Headline]: A Look Back At Crypto ETFs
[Summary]: Bitcoin interest has remained relatively high, and bitcoin prices have now reached over $70,000. This year has been one of the busiest in terms of crypto ETF launches. Read more here...

From 2024-11-03 to 2024-11-10, ADA-USD's stock price increased from 0.33 to 0.59. News during this period are listed below:

No relative news reported.

Based on all the information before 2024-11-10, let's first analyze the positive developments and potential concerns for ADA-USD. Come up with 2-4 most important factors respectively and keep them concise. Most factors should be inferred from cryptocurrencies related news. Then let's assume your prediction for next week (2024-11-10 to 2024-11-17) is up by more than 5%. Provide a summary analysis to support your prediction. The prediction result need to be inferred from your analysis at the end, and thus not appearing as a foundational factor of your analysis.",
"[Cryptocurrency Introduction]: Cardano (ADA) is a cryptocurrency launched in 2017. Cardano has a current supply of 44,995,012,865.763293 with 35,298,485,421.751079 in circulation. The last known price of Cardano is 0.70056654 USD and is down -2.22 over the last 24 hours. It is currently trading on 1506 active market(s) with $546,400,564.98 traded over the last 24 hours. More information can be found at https://www.cardano.org.. It has a market capilization of 24852590592.

From 2024-11-10 to 2024-11-17, ADA-USD's stock price increased from 0.59 to 0.70. News during this period are listed below:

[Headline]: To The Moon! Buying Into The Crypto Story
[Summary]: Stay updated with the latest financial news and market trends with Wall Street Breakfast's daily podcast available on Seeking Alpha, iTunes, and Spotify.


Based on all the information before 2024-11-17, let's first analyze the positive developments and potential concerns for ADA-USD. Come up with 2-4 most important factors respectively and keep them concise. Most factors should be inferred from cryptocurrencies related news. Then let's assume your prediction for next week (2024-11-17 to 2024-11-24) is up by more than 5%. Provide a summary analysis to support your prediction. The prediction result need to be inferred from your analysis at the end, and thus not appearing as a foundational factor of your analysis.",
"[Cryptocurrency Introduction]: Cardano (ADA) is a cryptocurrency launched in 2017. Cardano has a current supply of 44,995,012,865.763293 with 35,298,485,421.751079 in circulation. The last known price of Cardano is 0.70056654 USD and is down -2.22 over the last 24 hours. It is currently trading on 1506 active market(s) with $546,400,564.98 traded over the last 24 hours. More information can be found at https://www.cardano.org.. It has a market capilization of 24852590592.

From 2024-11-03 to 2024-11-10, ADA-USD's stock price increased from 0.33 to 0.59. News during this period are listed below:

No relative news reported.
From 2024-11-10 to 2024-11-17, ADA-USD's stock price increased from 0.59 to 0.70. News during this period are listed below:

[Headline]: To The Moon! Buying Into The Crypto Story
[Summary]: Stay updated with the latest financial news and market trends with Wall Street Breakfast's daily podcast available on Seeking Alpha, iTunes, and Spotify.

From 2024-11-17 to 2024-11-24, ADA-USD's stock price increased from 0.70 to 1.02. News during this period are listed below:

No relative news reported.

Based on all the information before 2024-11-24, let's first analyze the positive developments and potential concerns for ADA-USD. Come up with 2-4 most important factors respectively and keep them concise. Most factors should be inferred from cryptocurrencies related news. Then let's assume your prediction for next week (2024-11-24 to 2024-12-01) is up by more than 5%. Provide a summary analysis to support your prediction. The prediction result need to be inferred from your analysis at the end, and thus not appearing as a foundational factor of your analysis.",
"[Cryptocurrency Introduction]: Cardano (ADA) is a cryptocurrency launched in 2017. Cardano has a current supply of 44,995,012,865.763293 with 35,298,485,421.751079 in circulation. The last known price of Cardano is 0.70056654 USD and is down -2.22 over the last 24 hours. It is currently trading on 1506 active market(s) with $546,400,564.98 traded over the last 24 hours. More information can be found at https://www.cardano.org.. It has a market capilization of 24852590592.

From 2024-11-24 to 2024-12-01, ADA-USD's stock price increased from 1.02 to 1.16. News during this period are listed below:

[Headline]: Is The Market Cautiously Rotating At New Highs?
[Summary]: Even without a boost from NVDA's earnings, the market resumed its bull trend in some encouraging ways. Looking into next weeks holiday trading, there are some interesting seasonal trends.

[Headline]: Polkadot Poised For Significant Growth: Why Shorting DOT To Buy SOL Is A Bad Idea
[Summary]: Polkadot (DOT) is poised to outperform in 2025 with upcoming catalysts, a strong developer ecosystem, and growth potential compared to Solana. See more here.

[Headline]: Dawn Of A New Era At The SEC: Implications Of Gensler's Exit
[Summary]: Gary Genslers resignation as SEC Chair signals a major shift. This can affect cryptocurrencies, private funds, environmental disclosures, and the broader philosophy of market regulation.


Based on all the information before 2024-12-01, let's first analyze the positive developments and potential concerns for ADA-USD. Come up with 2-4 most important factors respectively and keep them concise. Most factors should be inferred from cryptocurrencies related news. Then let's assume your prediction for next week (2024-12-01 to 2024-12-08) is up by 3-4%. Provide a summary analysis to support your prediction. The prediction result need to be inferred from your analysis at the end, and thus not appearing as a foundational factor of your analysis.",
"[Cryptocurrency Introduction]: Cardano (ADA) is a cryptocurrency launched in 2017. Cardano has a current supply of 44,995,012,865.763293 with 35,298,485,421.751079 in circulation. The last known price of Cardano is 0.70056654 USD and is down -2.22 over the last 24 hours. It is currently trading on 1506 active market(s) with $546,400,564.98 traded over the last 24 hours. More information can be found at https://www.cardano.org.. It has a market capilization of 24852590592.

From 2024-12-01 to 2024-12-08, ADA-USD's stock price increased from 1.16 to 1.20. News during this period are listed below:

[Headline]: Renaissance Or Prelude To Chaos? Crypto's Role In The Trump Era
[Summary]: Buoyed by promises for the sector from Trumps reelection, cryptos have soared to unprecedented levels. Is crypto undergoing a reinvention or is this yet another phase of speculative excess?

[Headline]: Cardano: Big Things Happening
[Summary]: Cardano has surged 200% recently, driven by improvements in scalability and smart contracts. Check out why I'm bullish on ADA-USD.

[Headline]: VanEck Crypto Monthly Recap For November 2024
[Summary]: Ethereum and Bitcoin continued to climb on the back of increased on-chain activity and evolving technical roadmaps. Click to read.

[Headline]: Ethereum: Still Bullish At $4K, But These Altcoins Might Outperform In 2025
[Summary]: Ethereum has been lagging behind other cryptocurrencies in price appreciation and some functionality. Learn more about ETH-USD and altcoins.


Based on all the information before 2024-12-08, let's first analyze the positive developments and potential concerns for ADA-USD. Come up with 2-4 most important factors respectively and keep them concise. Most factors should be inferred from cryptocurrencies related news. Then let's assume your prediction for next week (2024-12-08 to 2024-12-15) is down by more than 5%. Provide a summary analysis to support your prediction. The prediction result need to be inferred from your analysis at the end, and thus not appearing as a foundational factor of your analysis.",
"[Cryptocurrency Introduction]: Cardano (ADA) is a cryptocurrency launched in 2017. Cardano has a current supply of 44,995,012,865.763293 with 35,298,485,421.751079 in circulation. The last known price of Cardano is 0.70056654 USD and is down -2.22 over the last 24 hours. It is currently trading on 1506 active market(s) with $546,400,564.98 traded over the last 24 hours. More information can be found at https://www.cardano.org.. It has a market capilization of 24852590592.

From 2024-11-17 to 2024-11-24, ADA-USD's stock price increased from 0.70 to 1.02. News during this period are listed below:

No relative news reported.
From 2024-11-24 to 2024-12-01, ADA-USD's stock price increased from 1.02 to 1.16. News during this period are listed below:

[Headline]: Is The Market Cautiously Rotating At New Highs?
[Summary]: Even without a boost from NVDA's earnings, the market resumed its bull trend in some encouraging ways. Looking into next weeks holiday trading, there are some interesting seasonal trends.

[Headline]: Polkadot Poised For Significant Growth: Why Shorting DOT To Buy SOL Is A Bad Idea
[Summary]: Polkadot (DOT) is poised to outperform in 2025 with upcoming catalysts, a strong developer ecosystem, and growth potential compared to Solana. See more here.

[Headline]: Dawn Of A New Era At The SEC: Implications Of Gensler's Exit
[Summary]: Gary Genslers resignation as SEC Chair signals a major shift. This can affect cryptocurrencies, private funds, environmental disclosures, and the broader philosophy of market regulation.

From 2024-12-01 to 2024-12-08, ADA-USD's stock price increased from 1.16 to 1.20. News during this period are listed below:

[Headline]: Renaissance Or Prelude To Chaos? Crypto's Role In The Trump Era
[Summary]: Buoyed by promises for the sector from Trumps reelection, cryptos have soared to unprecedented levels. Is crypto undergoing a reinvention or is this yet another phase of speculative excess?

[Headline]: Cardano: Big Things Happening
[Summary]: Cardano has surged 200% recently, driven by improvements in scalability and smart contracts. Check out why I'm bullish on ADA-USD.

[Headline]: VanEck Crypto Monthly Recap For November 2024
[Summary]: Ethereum and Bitcoin continued to climb on the back of increased on-chain activity and evolving technical roadmaps. Click to read.

[Headline]: Ethereum: Still Bullish At $4K, But These Altcoins Might Outperform In 2025
[Summary]: Ethereum has been lagging behind other cryptocurrencies in price appreciation and some functionality. Learn more about ETH-USD and altcoins.

From 2024-12-08 to 2024-12-15, ADA-USD's stock price decreased from 1.20 to 1.10. News during this period are listed below:

[Headline]: Did We Learn Anything From The Sock Puppet In 2000?
[Summary]: Bitcoin over $100k, market rotation, and elevated consumer sentiment point to an acceleration of new AI and crypto trends in 2025. Consumer Discretionary and Risk-On lead S&P 500 sectors.

[Headline]: The 4 Trump Policies Most Likely To Impact Economic Growth
[Summary]: Deregulation and tax cuts could potentially provide a boost to US economic and market growth.

[Headline]: Surprise Liquidity In The FTSE Digi50 Index
[Summary]: The FTSE Digi50 Index highlights that digital assets like Bitcoin and Ethereum exhibit liquidity levels exceeding many small-cap stocks.

[Headline]: VanEck's 10 Crypto Predictions For 2025
[Summary]: We believe the crypto bull market will persist through 2025, reaching its first peak in the first quarter. Read more here.


Based on all the information before 2024-12-15, let's first analyze the positive developments and potential concerns for ADA-USD. Come up with 2-4 most important factors respectively and keep them concise. Most factors should be inferred from cryptocurrencies related news. Then let's assume your prediction for next week (2024-12-15 to 2024-12-22) is down by more than 5%. Provide a summary analysis to support your prediction. The prediction result need to be inferred from your analysis at the end, and thus not appearing as a foundational factor of your analysis.",
"[Cryptocurrency Introduction]: Cardano (ADA) is a cryptocurrency launched in 2017. Cardano has a current supply of 44,995,012,865.763293 with 35,298,485,421.751079 in circulation. The last known price of Cardano is 0.70056654 USD and is down -2.22 over the last 24 hours. It is currently trading on 1506 active market(s) with $546,400,564.98 traded over the last 24 hours. More information can be found at https://www.cardano.org.. It has a market capilization of 24852590592.

From 2024-12-01 to 2024-12-08, ADA-USD's stock price increased from 1.16 to 1.20. News during this period are listed below:

[Headline]: Renaissance Or Prelude To Chaos? Crypto's Role In The Trump Era
[Summary]: Buoyed by promises for the sector from Trumps reelection, cryptos have soared to unprecedented levels. Is crypto undergoing a reinvention or is this yet another phase of speculative excess?

[Headline]: Cardano: Big Things Happening
[Summary]: Cardano has surged 200% recently, driven by improvements in scalability and smart contracts. Check out why I'm bullish on ADA-USD.

[Headline]: VanEck Crypto Monthly Recap For November 2024
[Summary]: Ethereum and Bitcoin continued to climb on the back of increased on-chain activity and evolving technical roadmaps. Click to read.

[Headline]: Ethereum: Still Bullish At $4K, But These Altcoins Might Outperform In 2025
[Summary]: Ethereum has been lagging behind other cryptocurrencies in price appreciation and some functionality. Learn more about ETH-USD and altcoins.

From 2024-12-08 to 2024-12-15, ADA-USD's stock price decreased from 1.20 to 1.10. News during this period are listed below:

[Headline]: Did We Learn Anything From The Sock Puppet In 2000?
[Summary]: Bitcoin over $100k, market rotation, and elevated consumer sentiment point to an acceleration of new AI and crypto trends in 2025. Consumer Discretionary and Risk-On lead S&P 500 sectors.

[Headline]: The 4 Trump Policies Most Likely To Impact Economic Growth
[Summary]: Deregulation and tax cuts could potentially provide a boost to US economic and market growth.

[Headline]: Surprise Liquidity In The FTSE Digi50 Index
[Summary]: The FTSE Digi50 Index highlights that digital assets like Bitcoin and Ethereum exhibit liquidity levels exceeding many small-cap stocks.

[Headline]: VanEck's 10 Crypto Predictions For 2025
[Summary]: We believe the crypto bull market will persist through 2025, reaching its first peak in the first quarter. Read more here.

From 2024-12-15 to 2024-12-22, ADA-USD's stock price decreased from 1.10 to 0.88. News during this period are listed below:

[Headline]: The Top Investment Trends For Ultra-High Net Worth Investors In 2025
[Summary]: TD Wealth's Syed Naqvi and Brad Simpson discuss the evolving investment landscape in 2025 and how ultra-high net worth families are positioning themselves.


Based on all the information before 2024-12-22, let's first analyze the positive developments and potential concerns for ADA-USD. Come up with 2-4 most important factors respectively and keep them concise. Most factors should be inferred from cryptocurrencies related news. Then let's assume your prediction for next week (2024-12-22 to 2024-12-29) is down by 2-3%. Provide a summary analysis to support your prediction. The prediction result need to be inferred from your analysis at the end, and thus not appearing as a foundational factor of your analysis.",
"[Cryptocurrency Introduction]: Cardano (ADA) is a cryptocurrency launched in 2017. Cardano has a current supply of 44,995,012,865.763293 with 35,298,485,421.751079 in circulation. The last known price of Cardano is 0.70056654 USD and is down -2.22 over the last 24 hours. It is currently trading on 1506 active market(s) with $546,400,564.98 traded over the last 24 hours. More information can be found at https://www.cardano.org.. It has a market capilization of 24852590592.

From 2024-12-15 to 2024-12-22, ADA-USD's stock price decreased from 1.10 to 0.88. News during this period are listed below:

[Headline]: The Top Investment Trends For Ultra-High Net Worth Investors In 2025
[Summary]: TD Wealth's Syed Naqvi and Brad Simpson discuss the evolving investment landscape in 2025 and how ultra-high net worth families are positioning themselves.

From 2024-12-22 to 2024-12-29, ADA-USD's stock price decreased from 0.88 to 0.86. News during this period are listed below:

[Headline]: George Selgin On Strategic Bitcoin Reserves, Debanking, And The Fed's Framework Review
[Summary]: George Selgin, senior fellow & director emeritus - Center for Monetary and Financial Alternatives at Cato Institute - discusses crypto, strategic Bitcoin reserves, and Feds framework review


Based on all the information before 2024-12-29, let's first analyze the positive developments and potential concerns for ADA-USD. Come up with 2-4 most important factors respectively and keep them concise. Most factors should be inferred from cryptocurrencies related news. Then let's assume your prediction for next week (2024-12-29 to 2025-01-05) is up by 0-1%. Provide a summary analysis to support your prediction. The prediction result need to be inferred from your analysis at the end, and thus not appearing as a foundational factor of your analysis.",
